customer_id,first_name,last_name,email,phone,address,city,state,zip_code,registration_date
1,Samantha,Guzman,heatherfernandez@example.net,001-288-292-7666x29642,7203 Travis Locks Suite 274,West Lindseyborough,WV,29276,2024-05-31
2,Michele,Perry,ernestgraves@example.com,857.548.8169x0794,36752 Daniel Mews Apt. 142,New Nicoletown,OK,62277,2025-02-09
3,Steven,Marquez,courtneymyers@example.com,(848)215-7567x07065,3611 Brittany Crest Suite 790,West Bethanyside,VT,34771,2025-04-05
4,Samantha,Stephens,zparker@example.net,8873620753,8023 Michael Heights,South Jasonport,DE,97983,2024-12-25
5,Jessica,Moody,jacobsonpeter@example.org,(366)563-6273,672 Roach Loop Apt. 861,Lake Makaylaberg,MH,30621,2025-01-08
6,John,Ward,lindsaybarnes@example.org,200-283-1835,713 Erin Ford,Jeffreyview,OR,15064,2024-03-10
7,Karen,Humphrey,skeller@example.net,423.949.7110,995 Thomas Centers,East Juliemouth,ME,26022,2025-02-21
8,Maria,Davidson,robert25@example.org,(594)935-1825x13944,83133 Leslie Keys,South Jamieshire,NJ,58865,2025-07-26
9,Jose,Cox,dawsonmelissa@example.com,612-465-8941,99334 Patricia Glen,West Annachester,MO,30630,2025-04-30
10,Vanessa,Lambert,thomas51@example.net,+1-728-399-3511x0668,68710 Cole Port,Clintonport,WV,71736,2025-07-26
11,Joshua,Kramer,holmesheather@example.com,4829559132,101 Aguilar Crossroad,Kimberlychester,TX,11046,2024-03-10
12,James,Fisher,nicoleshepard@example.net,(702)371-1531x239,57528 Angela Villages Suite 086,West Debra,OR,96475,2025-10-25
13,Lori,Jones,xrose@example.com,+1-594-984-2399x84374,8393 Rocha Unions Suite 714,New Timothy,PW,11917,2023-11-25
14,Anthony,Andrade,mark09@example.org,444-705-4140x92466,679 Perez Loaf Suite 786,Brownland,DC,61018,2024-01-18
15,Jason,Lewis,michele71@example.net,(524)654-7348,3160 Walter Crossroad Apt. 529,South Kenneth,MA,93805,2024-07-25
16,David,Robertson,qwilliams@example.com,291.667.3309x296,511 Mills Summit Apt. 371,Conwaymouth,MP,19572,2025-05-18
17,Natalie,Orr,bryanpreston@example.org,390.235.6659x78250,0745 Gregory Harbor Apt. 116,Shepherdville,TN,47807,2025-07-22
18,Anna,Morrow,melissalyons@example.com,001-292-285-5649x897,4247 Lucas View Apt. 839,West Megan,NM,94496,2023-12-20
19,Anthony,Adams,kellychambers@example.net,(770)647-0732x94409,45177 Melanie Mountains,West Lisafort,VA,97524,2024-06-21
20,Elaine,Mitchell,michellerodriguez@example.com,+1-857-507-2140x5623,645 Benjamin Turnpike,Duncanborough,DC,97202,2024-01-27
21,David,Holmes,kayla21@example.com,270.258.8769,67074 Andrew Streets,Thomasburgh,NE,33905,2025-08-06
22,Troy,Hill,rgarcia@example.net,001-981-514-8486x216,66441 Perez Skyway Suite 093,Aprilville,MS,71516,2025-03-13
23,Gregory,Carter,andrew93@example.org,5326164179,1002 Tracy Run Apt. 880,Ramoshaven,PW,31049,2023-12-22
24,Julia,Hunt,bmorris@example.org,(617)354-7910,02075 Jeffery Lock Apt. 775,New Annastad,VT,61735,2024-12-12
25,Brittany,Richards,joshua75@example.org,240-665-2777x75723,4306 Bradley Groves Apt. 407,Sandersfurt,NM,48011,2024-10-24
26,Wayne,Watts,tarapruitt@example.org,452-493-1594,04366 Stephanie Mews Suite 105,Garciamouth,IL,97107,2025-02-27
27,Jason,Gomez,qcampbell@example.com,936.696.5510x559,1094 Trujillo Summit,Lake Anthony,HI,82409,2025-03-02
28,Danielle,Rose,lesliebanks@example.com,661-678-9416x42030,073 Allen Freeway Apt. 806,Laurieborough,MP,06061,2023-12-13
29,Sean,Cooper,nathaniel62@example.org,+1-923-293-2519x512,40123 Laura Fields Apt. 362,New Lauren,WA,57537,2025-11-12
30,Dale,Jackson,fischeralexander@example.net,409.213.4466x148,693 Walter Walk Apt. 023,Lake Pamelastad,ND,57222,2024-09-08
31,Amanda,Green,larrynelson@example.org,001-409-271-8599x94152,15950 Silva Port,Browntown,IN,25404,2024-06-15
32,Bradley,Ward,qwhite@example.com,(971)763-6184,01815 Christie Stravenue Suite 930,West Davidchester,NC,10362,2025-05-13
33,Laura,Santiago,parsonskeith@example.org,+1-329-465-3550x316,726 Jason Forest Suite 663,South Jamesfurt,PA,95120,2025-05-22
34,Chase,Woods,donna43@example.com,275-354-6249,02861 Caleb Lock Suite 864,Port Shawn,NC,08019,2024-10-13
35,Austin,Stevens,khood@example.org,001-881-836-2533x1743,5474 Johnson Freeway,New Valerie,UT,21006,2025-09-02
36,Courtney,Hampton,samantha81@example.com,651-523-9010,5828 Foster Curve,Deborahborough,MD,41349,2023-12-03
37,Robert,Roman,fjordan@example.net,714-885-6735,8422 Owens Roads Apt. 813,Rogerland,IL,34854,2025-07-07
38,Marc,Davis,david19@example.net,438.657.0760,8751 Alyssa Station Apt. 956,Kristenshire,NH,79511,2024-04-14
39,Michelle,Carrillo,lori16@example.org,001-215-350-2629x915,001 Adams Oval,Martinezport,DC,84511,2024-12-14
40,Jason,Nguyen,ashleyharrison@example.com,001-803-524-7387,947 Peterson Radial,Brandonbury,AK,07085,2024-11-14
41,Ashley,Shaw,swhitaker@example.net,001-254-424-0118x148,12540 Brittany Port,Esparzaville,NJ,24403,2023-12-21
42,Travis,Dunn,christopher91@example.com,299-242-1530x43642,40958 Thompson Port Suite 301,Seanville,IL,72550,2024-06-25
43,Jamie,Sandoval,qlloyd@example.com,+1-242-776-3576,51141 Bryant Turnpike Apt. 449,West Marc,OH,60930,2025-08-02
44,Eric,Edwards,sydney06@example.org,7315316753,88294 Dawn Locks,Roseshire,FM,74594,2025-03-24
45,Jessica,Jacobs,cathy27@example.com,001-700-379-7206,7738 Thomas Bridge,South Codyshire,WY,26978,2024-03-12
46,Jennifer,Gutierrez,vbartlett@example.net,+1-933-763-0995x3950,9911 Nicholas Creek,Thomasfort,CO,32746,2025-03-18
47,Thomas,Fleming,igriffin@example.org,4403308353,87404 Emily Street Apt. 451,Lowefort,HI,80397,2025-07-18
48,Sarah,Mack,williamsalexander@example.org,370.545.6790x96507,12469 Walter Green,Robertburgh,MS,19348,2025-01-28
49,Lauren,Brown,ksalazar@example.net,503.497.5262,2888 Edward Islands,Port Roberto,DE,47287,2025-06-30
50,Paul,Vega,thomasholland@example.com,+1-322-764-1766x683,06107 Cabrera Junction Apt. 197,Port Christinatown,FL,55936,2024-07-19
51,Ronald,Anderson,parsonsrichard@example.net,881.560.5537x765,15280 Casey Corner Apt. 315,Port Robin,NY,94557,2024-05-23
52,Shawna,Leonard,douglas05@example.org,872-301-7361x5385,2477 Alison Heights,Chenfort,WV,34836,2024-09-09
53,Susan,Pierce,benderdanielle@example.com,6227229700,767 Eric Road,Loweville,ME,95706,2024-12-15
54,Matthew,Taylor,tylermathew@example.org,001-244-979-9854,5995 Michael Pike Apt. 167,Port Thomasborough,AR,10470,2025-05-22
55,Gary,Reyes,brendarobertson@example.com,001-540-596-6820x23225,98371 Julie Walk,Rodriguezhaven,SC,52025,2024-12-21
56,Casey,Rivas,dianaperry@example.net,433-378-6911x32572,39185 Sarah Avenue Suite 482,East Kimberlyfort,DC,08361,2024-10-02
57,Shawn,Lawrence,deborahharris@example.net,6205794349,90061 Rivera Roads Apt. 947,Roweborough,MI,27619,2024-08-17
58,Phillip,Schmidt,molly78@example.org,(409)933-4596x6266,1965 Steve Falls Apt. 067,Moodystad,AK,57305,2025-05-22
59,Victoria,Gomez,nicole27@example.com,7429482814,552 Tara Underpass Suite 519,Matthewport,OH,89204,2025-02-20
60,Eric,Ingram,lesliecruz@example.net,755.740.0372x8287,9811 Osborne Drives Apt. 878,North Martha,MD,83854,2024-07-07
61,Chad,Bell,jenniferevans@example.net,001-733-505-1305x452,45639 John Brook Apt. 013,West Brian,IN,43475,2025-03-16
62,Gary,Adams,phelpsmichele@example.net,(585)314-9554,3998 Washington River,Nathanmouth,OR,13824,2025-11-04
63,Michael,Cannon,robinphelps@example.com,+1-390-381-0428x27034,870 Antonio Harbors Suite 421,Spencershire,MA,08069,2023-11-30
64,Lisa,Haas,dustin20@example.com,599.293.7543,65805 Tommy Camp,New Ashleyburgh,AR,02303,2025-06-05
65,Darren,Miller,brian81@example.com,(575)992-2205,661 Daniel Valleys,North Andreaberg,NM,05353,2025-01-06
66,Thomas,Rios,hblack@example.org,+1-653-421-1267x5398,213 Mcintyre Square Suite 033,Kevinside,NJ,20802,2025-08-09
67,Michelle,Perry,jamestownsend@example.com,318.210.3057x22279,3908 Stacy Meadows Suite 699,Williamsborough,NJ,41709,2024-08-21
68,Andrew,Anderson,contrerasjose@example.org,+1-525-523-7727x459,72023 Nicole Track,East Nicole,ND,97136,2024-04-25
69,Michael,Collins,louiscrane@example.com,845-558-2194x233,7273 Brennan Via,New Jessicaberg,IN,82530,2025-11-02
70,Stacey,Harper,richardjames@example.org,348-641-3816,066 Smith Well Suite 681,Romerochester,NE,54880,2025-08-12
71,Robert,Rodriguez,andrewwheeler@example.org,+1-516-642-3911x78870,2068 Bowen Roads,West Debramouth,MD,20130,2024-06-29
72,Marcus,Simmons,goodwindesiree@example.org,+1-545-564-0803x6758,454 Garcia Springs,Perrychester,AS,65103,2024-12-08
73,Michael,Smith,bwilliams@example.com,936-698-5952,476 Morales Brook,Allenhaven,TX,82991,2025-03-22
74,Donald,Garcia,nicholschristine@example.com,980-331-1303x57756,6016 Jones Islands Suite 875,South Marietown,WY,43442,2024-07-13
75,Jeffrey,Wade,myoder@example.com,6854124128,50370 Miller Track Apt. 315,North Veronica,TN,83435,2024-09-16
76,Monica,Turner,dwhite@example.com,(708)836-6451x646,216 Gonzales Trail,Port John,PA,84346,2024-08-01
77,Michael,Lucas,brittney47@example.net,+1-291-683-0065,964 Gary Ports Suite 421,Mooreshire,MP,97975,2024-07-10
78,Heather,Torres,graykatherine@example.com,664-991-9878x438,2104 Kelley Lake,West Michaelshire,DE,53153,2025-07-24
79,Kathryn,Williamson,wshaw@example.com,(436)388-1109,27179 Lopez Terrace,West Nicole,WA,86440,2024-12-16
80,Nicholas,Mason,arthurdaugherty@example.com,728-530-6077x77900,366 Valenzuela Court,East Krystaltown,MS,78823,2024-09-28
81,Maria,Mack,cassidy27@example.net,465-506-6338x635,9975 Alexander Camp,West Wyatthaven,PW,98107,2024-05-08
82,Donald,Campbell,jasonburke@example.net,(721)769-5183,4060 Trujillo Walks Apt. 221,Stevefurt,AK,91472,2024-12-20
83,Jose,Holmes,emilyflores@example.net,544.855.8698,1168 Gerald Cliff Suite 302,Blakebury,AS,91217,2024-08-29
84,Mary,Ingram,smithjennifer@example.net,2336925670,499 Solis Manors,Clarktown,MS,75050,2024-11-17
85,Denise,Ryan,taylor91@example.net,(544)667-4705,16560 William Rapid Apt. 752,Michaelside,WV,16099,2025-11-05
86,Chad,Jenkins,alexander80@example.net,+1-517-570-2049x211,5991 Macdonald Falls,Toddfort,AZ,46969,2024-10-01
87,Julie,Norman,heidi48@example.net,001-375-367-8248,9819 Smith Extensions Apt. 964,Douglasfurt,OH,38090,2023-12-18
88,Heidi,Rosario,bbailey@example.org,+1-755-353-9320x231,2226 Martin Lights,New Rodney,TN,74161,2023-11-15
89,Robert,Lee,jeffrey02@example.com,(206)740-2893x66870,56612 Anderson Shoal,Smithport,KS,40633,2024-10-20
90,Stephanie,Becker,deanna09@example.org,826.468.7743x8710,7651 Clark Walks,Keithhaven,MI,89694,2024-01-01
91,Kendra,Davis,christophergonzalez@example.com,338.246.6300x0087,64586 Dakota Harbor,New Brianna,WA,77847,2025-05-11
92,Stephen,Hall,andrewnoble@example.com,001-554-588-0109,2151 Moore Dam,Moranhaven,WY,48213,2025-11-10
93,Robert,Whitehead,lisagarcia@example.com,+1-250-495-4080x12622,6156 Steven Garden Suite 461,Angelaville,IL,57727,2025-07-01
94,Tammy,Clark,antonio68@example.org,560-838-4244,66855 Chapman Inlet Suite 981,Briannafort,SD,49355,2024-04-03
95,Angela,Thompson,dgarcia@example.net,(248)841-6495,8678 Mcguire Square Apt. 061,Jasontown,OH,19889,2025-05-30
96,Joshua,Warren,wwhite@example.org,542-959-0910,93085 Dillon Glen Apt. 444,Port Kristen,FL,13299,2024-11-24
97,Stephanie,Lee,andrewperez@example.org,481.883.6866x059,0140 Thomas Valley Suite 262,Justinmouth,MD,09202,2023-11-28
98,Steven,Lawson,nfields@example.org,+1-365-370-8741x945,91661 Juan Locks Apt. 547,Parkton,RI,94656,2025-03-06
99,Michelle,Clark,mason42@example.com,(587)902-1817,9327 Kelli Way Suite 040,Courtneyview,SD,35565,2024-09-01
100,Michael,Rhodes,thomasheidi@example.com,562.235.6936,32315 Parks Walks Suite 964,Bergborough,CO,95755,2024-09-08
